Summary,Issue Type,Priority,Story Points,Assignee,Description,Acceptance Criteria,Labels,Epic Link
RECIPE-100 - 智能食谱系统优化,Epic,Highest,,,从静态食谱库升级为AI驱动的个性化营养方案生成系统,集成用户画像、训练数据、饮食偏好提供定制化推荐,"ai,recipe,personalization",
RECIPE-101 - 创建用户画像数据模型,Story,Highest,5,Backend Engineer,设计并实现用户画像表存储身体指标、饮食偏好、过敏信息等,"创建UserProfile实体,数据库迁移通过,CRUD API测试通过,单元测试覆盖率>80%","backend,database,day1",RECIPE-100
RECIPE-102 - 扩展Recipe表支持营养详情,Story,Highest,3,Backend Engineer,扩展Recipe表添加详细营养数据字段支持精确追踪,"添加营养字段到Recipe表,创建数据库迁移,更新RecipeImportService,回填现有食谱数据","backend,database,day1",RECIPE-100
RECIPE-103 - 实现GPT-4驱动的食谱推荐引擎,Story,Highest,8,Backend Engineer,集成GPT-4 API根据用户画像和训练数据生成个性化食谱推荐,"创建SmartRecipeService,实现generateMealPlan方法,GPT-4提示词优化,实现缓存机制,异常处理和降级策略","backend,ai,gpt4,day2",RECIPE-100
RECIPE-104 - 创建饮食计划API端点,Story,Highest,3,Backend Engineer,为前端提供饮食计划生成和查询接口,"实现MealPlanController,Swagger文档生成,请求参数验证,统一响应格式,错误处理","backend,api,day2",RECIPE-100
RECIPE-105 - 实现每日营养追踪功能,Story,High,5,Backend Engineer,允许用户记录每餐摄入实时计算营养摄入vs目标对比,"创建MealLog表,实现NutritionTrackingService,实时进度条计算,超标预警功能","backend,tracking,day3",RECIPE-100
RECIPE-106 - 构建营养洞察引擎,Story,High,5,Backend Engineer + Data Analyst,分析用户饮食数据生成个性化洞察和改进建议,"营养均衡分析,饮食模式识别,训练目标匹配度分析,GPT-4生成改进建议","backend,ai,analytics,day3",RECIPE-100
RECIPE-107 - 创建个性化饮食计划Screen,Story,Highest,8,Frontend Engineer,在React Native实现完整的饮食计划查看记录追踪界面,"实现MealPlanScreen,MealDetailModal,NutritionTrackerCard,7天滚动日历,营养进度可视化","frontend,ui,react-native,day4",RECIPE-100
RECIPE-108 - 实现营养洞察Dashboard,Story,High,5,Frontend Engineer,可视化展示用户营养数据趋势和AI洞察建议,"卡路里趋势折线图,营养素占比饼图,周达标率柱状图,连续打卡天数","frontend,charts,visualization,day4",RECIPE-100
RECIPE-109 - 实现食谱智能替换功能,Story,High,5,Backend Engineer,允许用户替换不喜欢的食谱AI推荐营养相似的替代品,"创建swap-recipe API,营养相似度算法,过敏原过滤,推荐3个替代食谱","backend,ai,day5",RECIPE-100
RECIPE-110 - 实现购物清单自动生成,Story,Medium,3,Backend Engineer,根据本周饮食计划自动生成购物清单按超市分类整理,"创建shopping-list API,合并重复食材,按分类整理,支持PDF导出","backend,utility,day5",RECIPE-100
RECIPE-111 - 实现饮食打卡与排行榜,Story,Medium,5,Backend + Frontend,添加社交元素用户打卡获积分排行榜激励,"每日连续打卡奖励,成就系统,本周排行榜,好友挑战功能","fullstack,gamification,social,day6",RECIPE-100
RECIPE-112 - 实现食谱社区分享功能,Story,Medium,5,Backend + Frontend,用户分享饮食成果到社区获得点赞评论,"拍照上传功能,标记食谱添加心得,点赞评论系统,热门推荐算法","fullstack,social,ugc,day6",RECIPE-100
RECIPE-113 - 集成测试与性能优化,Task,Highest,5,QA + Backend Engineer,端到端测试性能测试边界条件测试,"API端到端测试,性能基准测试,边界条件测试,达到性能目标","testing,performance,day7",RECIPE-100
RECIPE-114 - 编写用户文档与营销材料,Task,High,3,Product Manager + Designer,编写用户指南FAQ演示视频营销素材,"用户指南文档,FAQ文档,3分钟演示视频,社交媒体宣传图,App Store截图","documentation,marketing,day7",RECIPE-100
RECIPE-115 - 灰度发布与数据监控,Task,Highest,3,DevOps + Product Manager,分阶段发布监控业务和技术指标,"10%灰度测试,50%观察,100%全量,监控dashboard,数据报告","devops,monitoring,release,day7",RECIPE-100
